filename,volume_rate(%),duration(s),memory(KB)
br00_001.json,85.93,0.006,216
br00_002.json,90.80,1.488,2131
br00_003.json,67.68,0.005,217
br00_004.json,68.41,0.002,138
br00_005.json,80.07,0.010,282
br00_006.json,69.14,0.003,145
br00_007.json,69.52,0.001,101
br00_008.json,76.64,0.006,202
br00_009.json,71.23,0.002,127
br00_010.json,77.68,0.018,345
br00_011.json,68.05,0.004,159
br00_012.json,69.11,0.002,108
br00_013.json,82.12,0.284,1069
br00_014.json,90.12,0.048,513
br00_015.json,78.45,0.011,308
br00_016.json,72.45,0.094,702
br00_017.json,91.92,0.032,446
br00_018.json,87.83,0.012,311
br00_019.json,89.59,0.127,742
br00_020.json,88.47,0.002,120
br00_021.json,72.77,0.001,85
br00_022.json,73.83,0.002,142
br00_023.json,65.53,0.010,295
br00_024.json,60.99,0.003,163
br00_025.json,87.62,0.021,358
br00_026.json,83.20,0.005,209
br00_027.json,66.91,0.002,132
br00_028.json,85.34,0.011,284
br00_029.json,71.99,0.003,156
br00_030.json,77.92,0.033,457
br00_031.json,68.94,0.006,216
br00_032.json,95.02,0.004,185
br00_033.json,87.43,1.019,1684
br00_034.json,87.13,0.137,784
br00_035.json,92.82,0.042,516
br00_036.json,87.05,0.457,1199
br00_037.json,88.92,0.004,181
br00_038.json,71.48,0.002,100
br00_039.json,76.03,0.006,218
br00_040.json,83.61,0.003,133
br00_041.json,78.83,0.001,90
br00_042.json,84.11,0.005,192
br00_043.json,86.68,0.002,123
br00_044.json,76.15,0.007,246
br00_045.json,89.96,0.046,490
br00_046.json,93.10,0.014,308
br00_047.json,80.05,0.004,195
br00_048.json,73.33,0.018,337
br00_049.json,70.55,0.005,214
br00_050.json,85.76,0.086,681
br00_051.json,89.45,0.019,342
br00_052.json,89.73,0.009,242
br00_053.json,91.16,0.085,692
br00_054.json,78.73,0.013,320
br00_055.json,61.23,0.003,163
br00_056.json,80.06,0.020,415
br00_057.json,82.49,0.005,209
br00_058.json,70.21,0.002,128
br00_059.json,74.92,0.010,253
br00_060.json,68.20,0.003,144
br00_061.json,70.94,0.002,102
br00_062.json,70.35,0.007,214
br00_063.json,76.98,0.003,138
br00_064.json,90.02,0.029,443
br00_065.json,89.35,0.113,731
br00_066.json,79.94,0.021,416
br00_067.json,67.78,0.006,240
br00_068.json,91.91,0.063,599
br00_069.json,85.16,0.015,346
br00_070.json,81.71,0.225,1013
br00_071.json,66.58,0.002,114
br00_072.json,74.20,0.001,89
br00_073.json,77.56,0.005,207
br00_074.json,81.01,0.002,108
br00_075.json,70.47,0.007,234
br00_076.json,85.77,0.047,519
br00_077.json,91.81,0.012,291
br00_078.json,80.73,0.003,164
br00_079.json,67.63,0.014,323
br00_080.json,86.72,0.006,213
br00_081.json,72.38,0.002,136
br00_082.json,79.32,0.013,305
br00_083.json,75.68,0.004,189
br00_084.json,91.89,0.003,149
br00_085.json,95.22,0.446,1181
br00_086.json,85.49,0.065,658
br00_087.json,80.19,0.027,449
br00_088.json,79.76,0.005,211
br00_089.json,64.13,0.001,110
br00_090.json,78.88,0.012,318
br00_091.json,65.65,0.003,144
br00_092.json,79.11,0.002,103
br00_093.json,73.46,0.007,235
br00_094.json,79.10,0.002,137
br00_095.json,86.62,0.021,360
br00_096.json,83.62,0.107,723
br00_097.json,77.91,0.016,340
br00_098.json,80.99,0.006,225
br00_099.json,94.34,0.058,516
br00_100.json,66.86,0.008,244
br01_001.json,82.46,0.013,199
br01_002.json,85.52,0.051,226
br01_003.json,73.87,0.013,205
br01_004.json,81.10,0.020,304
br01_005.json,79.44,0.011,222
br01_006.json,82.54,0.011,230
br01_007.json,84.52,0.013,202
br01_008.json,84.10,0.069,311
br01_009.json,81.88,0.009,184
br01_010.json,87.86,0.010,215
br01_011.json,78.61,0.010,159
br01_012.json,82.88,0.005,167
br01_013.json,89.11,0.056,464
br01_014.json,88.40,0.007,211
br01_015.json,80.71,0.007,195
br01_016.json,80.76,0.020,233
br01_017.json,88.86,0.069,352
br01_018.json,81.85,0.005,145
br01_019.json,85.67,0.047,211
br01_020.json,78.68,0.007,142
br01_021.json,88.42,0.004,139
br01_022.json,77.63,0.009,197
br01_023.json,89.02,0.008,210
br01_024.json,75.12,0.006,165
br01_025.json,83.00,0.008,224
br01_026.json,76.28,0.008,206
br01_027.json,85.57,0.009,187
br01_028.json,74.99,0.008,159
br01_029.json,82.21,0.022,194
br01_030.json,92.01,0.259,707
br01_031.json,77.60,0.012,215
br01_032.json,91.39,0.016,282
br01_033.json,87.89,0.276,483
br01_034.json,83.32,0.031,287
br01_035.json,84.39,0.011,235
br01_036.json,88.52,0.026,286
br01_037.json,87.89,0.006,162
br01_038.json,83.33,0.008,159
br01_039.json,90.26,0.046,375
br01_040.json,81.30,0.006,168
br01_041.json,86.51,0.005,169
br01_042.json,85.04,0.019,282
br01_043.json,81.80,0.022,233
br01_044.json,80.84,0.009,232
br01_045.json,86.89,0.010,226
br01_046.json,84.62,0.005,174
br01_047.json,74.91,0.008,214
br01_048.json,78.65,0.013,238
br01_049.json,80.33,0.004,141
br01_050.json,85.20,0.024,249
br01_051.json,79.06,0.007,205
br01_052.json,85.69,0.012,256
br01_053.json,83.32,0.035,296
br01_054.json,75.09,0.009,213
br01_055.json,77.43,0.013,198
br01_056.json,85.12,0.183,659
br01_057.json,73.24,0.008,204
br01_058.json,78.75,0.010,154
br01_059.json,85.55,0.050,329
br01_060.json,76.55,0.022,188
br01_061.json,74.16,0.005,153
br01_062.json,82.11,0.007,203
br01_063.json,71.38,0.004,141
br01_064.json,86.01,0.011,226
br01_065.json,86.18,0.311,765
br01_066.json,85.69,0.064,272
br01_067.json,81.43,0.035,348
br01_068.json,85.07,0.052,417
br01_069.json,84.91,0.012,237
br01_070.json,85.17,0.026,293
br01_071.json,71.15,0.003,144
br01_072.json,83.83,0.006,133
br01_073.json,79.75,0.010,204
br01_074.json,83.14,0.014,208
br01_075.json,80.85,0.011,227
br01_076.json,80.96,0.070,450
br01_077.json,86.16,0.028,326
br01_078.json,87.14,0.026,292
br01_079.json,88.71,0.113,337
br01_080.json,76.32,0.005,180
br01_081.json,75.01,0.003,128
br01_082.json,79.38,0.015,252
br01_083.json,70.53,0.013,193
br01_084.json,66.34,0.003,104
br01_085.json,85.91,0.102,491
br01_086.json,87.98,0.013,243
br01_087.json,85.10,0.007,158
br01_088.json,73.96,0.008,203
br01_089.json,76.83,0.008,153
br01_090.json,75.22,0.007,147
br01_091.json,88.32,0.058,364
br01_092.json,78.90,0.004,143
br01_093.json,85.92,0.014,194
br01_094.json,79.86,0.011,210
br01_095.json,78.60,0.007,217
br01_096.json,90.56,0.034,326
br01_097.json,81.66,0.009,224
br01_098.json,86.79,0.009,211
br01_099.json,87.96,0.015,246
br01_100.json,77.98,0.024,323
br02_001.json,81.64,0.006,141
br02_002.json,88.42,0.051,202
br02_003.json,84.83,0.176,292
br02_004.json,85.42,0.069,310
br02_005.json,79.65,0.010,174
br02_006.json,82.89,0.019,228
br02_007.json,84.91,0.053,252
br02_008.json,88.20,0.022,215
br02_009.json,85.30,0.017,204
br02_010.json,85.21,0.028,291
br02_011.json,84.60,0.011,156
br02_012.json,80.58,0.007,148
br02_013.json,88.80,0.041,349
br02_014.json,88.18,0.012,182
br02_015.json,81.39,0.010,210
br02_016.json,80.10,0.032,248
br02_017.json,91.53,0.029,203
br02_018.json,83.89,0.010,163
br02_019.json,87.73,0.067,230
br02_020.json,84.11,0.018,203
br02_021.json,85.91,0.006,147
br02_022.json,80.32,0.015,162
br02_023.json,74.61,0.036,207
br02_024.json,76.67,0.010,151
br02_025.json,83.95,0.017,245
br02_026.json,84.61,0.054,289
br02_027.json,81.09,0.017,191
br02_028.json,77.12,0.015,171
br02_029.json,82.56,0.046,238
br02_030.json,89.35,0.083,320
br02_031.json,74.35,0.045,225
br02_032.json,81.38,0.018,223
br02_033.json,81.31,0.053,196
br02_034.json,90.14,0.035,288
br02_035.json,85.68,0.052,241
br02_036.json,87.89,0.027,191
br02_037.json,86.60,0.011,190
br02_038.json,83.44,0.009,193
br02_039.json,89.06,0.138,447
br02_040.json,79.10,0.004,152
br02_041.json,82.15,0.007,151
br02_042.json,81.04,0.022,245
br02_043.json,84.43,0.010,168
br02_044.json,74.26,0.012,207
br02_045.json,82.23,0.033,250
br02_046.json,78.48,0.012,159
br02_047.json,78.94,0.035,249
br02_048.json,80.46,0.074,230
br02_049.json,85.15,0.019,162
br02_050.json,86.40,0.021,240
br02_051.json,81.13,0.118,247
br02_052.json,87.92,0.016,190
br02_053.json,87.61,0.034,236
br02_054.json,82.00,0.022,220
br02_055.json,77.49,0.015,204
br02_056.json,89.75,0.029,293
br02_057.json,79.55,0.023,242
br02_058.json,85.23,0.007,173
br02_059.json,78.20,0.085,326
br02_060.json,82.84,0.007,196
br02_061.json,79.39,0.007,137
br02_062.json,75.42,0.013,169
br02_063.json,84.24,0.023,200
br02_064.json,88.04,0.009,212
br02_065.json,85.51,0.153,266
br02_066.json,82.00,0.011,214
br02_067.json,83.24,0.036,305
br02_068.json,88.62,0.013,220
br02_069.json,75.16,0.018,226
br02_070.json,81.44,0.046,213
br02_071.json,80.01,0.037,207
br02_072.json,83.30,0.006,150
br02_073.json,79.60,0.009,205
br02_074.json,83.22,0.031,209
br02_075.json,81.26,0.029,253
br02_076.json,84.19,0.029,300
br02_077.json,87.43,0.035,343
br02_078.json,80.91,0.111,308
br02_079.json,87.00,0.325,352
br02_080.json,77.87,0.022,192
br02_081.json,83.02,0.003,147
br02_082.json,87.59,0.025,238
br02_083.json,78.78,0.032,223
br02_084.json,75.77,0.014,143
br02_085.json,83.70,0.181,347
br02_086.json,84.57,0.056,251
br02_087.json,84.70,0.008,160
br02_088.json,76.78,0.022,224
br02_089.json,77.56,0.010,159
br02_090.json,79.00,0.006,136
br02_091.json,86.64,0.040,254
br02_092.json,81.24,0.004,138
br02_093.json,85.76,0.010,148
br02_094.json,86.53,0.045,291
br02_095.json,88.41,0.035,275
br02_096.json,87.09,0.082,329
br02_097.json,86.71,0.077,294
br02_098.json,85.15,0.058,230
br02_099.json,86.01,0.024,287
br02_100.json,81.33,0.021,220
br03_001.json,76.67,0.014,156
br03_002.json,88.55,0.068,203
br03_003.json,81.50,0.097,234
br03_004.json,82.21,0.087,293
br03_005.json,85.03,0.029,200
br03_006.json,82.61,0.045,235
br03_007.json,84.06,0.095,237
br03_008.json,83.65,0.021,196
br03_009.json,82.04,0.044,221
br03_010.json,81.17,0.084,298
br03_011.json,77.11,0.027,196
br03_012.json,80.36,0.025,168
br03_013.json,88.48,0.090,320
br03_014.json,88.13,0.026,189
br03_015.json,82.92,0.012,170
br03_016.json,82.29,0.033,207
br03_017.json,87.01,0.012,158
br03_018.json,82.17,0.017,152
br03_019.json,86.79,0.264,308
br03_020.json,84.53,0.043,222
br03_021.json,82.94,0.012,161
br03_022.json,89.14,0.022,197
br03_023.json,85.80,0.032,221
br03_024.json,84.35,0.016,197
br03_025.json,78.70,0.030,219
br03_026.json,86.55,0.071,293
br03_027.json,85.04,0.052,204
br03_028.json,80.63,0.040,228
br03_029.json,86.98,0.143,320
br03_030.json,90.30,0.090,287
br03_031.json,76.75,0.076,226
br03_032.json,80.15,0.034,223
br03_033.json,88.13,0.079,223
br03_034.json,82.26,0.124,288
br03_035.json,84.33,0.107,246
br03_036.json,87.61,0.032,172
br03_037.json,85.18,0.034,173
br03_038.json,85.56,0.018,187
br03_039.json,86.55,0.734,370
br03_040.json,81.73,0.010,150
br03_041.json,84.55,0.023,208
br03_042.json,83.21,0.073,225
br03_043.json,77.13,0.016,154
br03_044.json,80.78,0.046,233
br03_045.json,85.33,0.064,237
br03_046.json,78.02,0.054,194
br03_047.json,76.34,0.021,231
br03_048.json,85.39,0.020,189
br03_049.json,87.83,0.024,198
br03_050.json,87.68,0.069,233
br03_051.json,82.77,0.096,287
br03_052.json,85.05,0.128,244
br03_053.json,84.39,0.020,167
br03_054.json,83.16,0.133,296
br03_055.json,83.63,0.025,244
br03_056.json,86.74,0.561,353
br03_057.json,80.37,0.051,198
br03_058.json,79.09,0.017,155
br03_059.json,83.51,0.143,355
br03_060.json,82.20,0.035,198
br03_061.json,86.04,0.019,160
br03_062.json,80.27,0.025,174
br03_063.json,83.03,0.040,209
br03_064.json,83.63,0.037,226
br03_065.json,83.36,0.101,221
br03_066.json,83.09,0.043,185
br03_067.json,78.02,0.050,258
br03_068.json,85.04,0.035,211
br03_069.json,81.04,0.202,256
br03_070.json,82.90,0.048,197
br03_071.json,85.81,0.052,226
br03_072.json,80.58,0.122,221
br03_073.json,80.40,0.021,189
br03_074.json,80.03,0.031,196
br03_075.json,83.78,0.021,225
br03_076.json,84.97,0.045,229
br03_077.json,82.70,0.386,336
br03_078.json,85.70,0.110,284
br03_079.json,84.79,0.410,333
br03_080.json,84.41,0.040,203
br03_081.json,79.91,0.011,143
br03_082.json,86.99,0.117,293
br03_083.json,82.06,0.089,233
br03_084.json,80.49,0.026,168
br03_085.json,84.57,0.053,280
br03_086.json,87.72,0.197,282
br03_087.json,87.35,0.031,209
br03_088.json,80.42,0.081,287
br03_089.json,81.04,0.014,152
br03_090.json,81.57,0.022,148
br03_091.json,84.36,0.070,261
br03_092.json,88.14,0.026,188
br03_093.json,80.66,0.024,153
br03_094.json,85.16,0.105,247
br03_095.json,83.65,0.143,312
br03_096.json,84.40,0.171,319
br03_097.json,87.60,0.123,291
br03_098.json,81.50,0.071,210
br03_099.json,86.05,0.053,202
br03_100.json,85.95,0.134,240
br04_001.json,78.83,0.024,195
br04_002.json,84.27,0.095,211
br04_003.json,78.16,0.154,225
br04_004.json,85.33,0.091,287
br04_005.json,82.00,0.111,220
br04_006.json,77.93,0.066,218
br04_007.json,79.91,0.143,232
br04_008.json,76.99,0.039,194
br04_009.json,82.07,0.043,240
br04_010.json,84.86,0.025,219
br04_011.json,79.61,0.036,210
br04_012.json,81.61,0.018,196
br04_013.json,88.47,0.176,306
br04_014.json,84.49,0.067,195
br04_015.json,84.25,0.015,186
br04_016.json,83.38,0.096,228
br04_017.json,84.21,0.017,164
br04_018.json,83.89,0.015,143
br04_019.json,85.84,0.186,233
br04_020.json,83.89,0.062,223
br04_021.json,79.21,0.034,200
br04_022.json,87.52,0.030,196
br04_023.json,86.98,0.018,196
br04_024.json,80.49,0.026,226
br04_025.json,78.89,0.083,222
br04_026.json,82.89,0.085,280
br04_027.json,86.68,0.067,213
br04_028.json,79.82,0.403,297
br04_029.json,88.05,0.027,211
br04_030.json,88.04,0.089,277
br04_031.json,80.40,0.048,240
br04_032.json,77.48,0.062,241
br04_033.json,88.20,0.136,229
br04_034.json,82.75,0.085,230
br04_035.json,83.79,0.060,246
br04_036.json,86.19,0.081,225
br04_037.json,85.58,0.068,223
br04_038.json,79.85,0.053,197
br04_039.json,83.89,0.592,356
br04_040.json,78.72,0.025,169
br04_041.json,84.54,0.015,194
br04_042.json,77.47,0.046,203
br04_043.json,84.69,0.019,163
br04_044.json,81.76,0.052,232
br04_045.json,83.77,0.095,252
br04_046.json,79.62,0.042,187
br04_047.json,77.22,0.025,223
br04_048.json,83.25,0.039,196
br04_049.json,86.28,0.040,202
br04_050.json,83.62,0.297,288
br04_051.json,86.35,0.161,321
br04_052.json,84.33,0.097,244
br04_053.json,86.87,0.017,187
br04_054.json,82.06,0.157,290
br04_055.json,83.82,0.069,236
br04_056.json,86.59,0.772,421
br04_057.json,81.45,0.011,155
br04_058.json,81.60,0.028,200
br04_059.json,81.84,0.221,327
br04_060.json,82.01,0.029,213
br04_061.json,89.14,0.039,226
br04_062.json,85.41,0.068,211
br04_063.json,83.75,0.027,186
br04_064.json,85.16,0.021,207
br04_065.json,85.93,0.169,246
br04_066.json,84.21,0.076,198
br04_067.json,81.44,0.147,296
br04_068.json,87.84,0.036,205
br04_069.json,82.91,0.079,250
br04_070.json,82.28,0.053,209
br04_071.json,82.09,0.040,229
br04_072.json,80.54,0.099,215
br04_073.json,82.34,0.060,207
br04_074.json,85.20,0.021,163
br04_075.json,78.46,0.032,227
br04_076.json,84.81,0.034,204
br04_077.json,83.92,0.575,319
br04_078.json,79.45,0.221,257
br04_079.json,87.21,0.416,356
br04_080.json,83.44,0.037,221
br04_081.json,79.33,0.044,168
br04_082.json,86.30,0.078,278
br04_083.json,81.45,0.106,225
br04_084.json,82.95,0.074,215
br04_085.json,85.85,0.035,228
br04_086.json,86.68,0.099,277
br04_087.json,86.16,0.039,198
br04_088.json,77.04,0.099,293
br04_089.json,82.56,0.024,161
br04_090.json,84.13,0.020,162
br04_091.json,87.77,0.111,231
br04_092.json,88.87,0.017,166
br04_093.json,78.43,0.016,145
br04_094.json,85.17,0.086,230
br04_095.json,81.73,0.200,310
br04_096.json,85.96,0.085,241
br04_097.json,85.80,0.094,237
br04_098.json,83.82,0.041,205
br04_099.json,86.89,0.087,227
br04_100.json,85.79,0.171,237
br05_001.json,79.97,0.025,188
br05_002.json,84.56,0.141,233
br05_003.json,77.41,0.133,223
br05_004.json,83.52,0.056,226
br05_005.json,86.78,0.059,221
br05_006.json,83.04,0.112,240
br05_007.json,77.47,0.126,224
br05_008.json,80.31,0.023,188
br05_009.json,82.25,0.035,223
br05_010.json,81.57,0.066,220
br05_011.json,81.20,0.105,239
br05_012.json,81.22,0.028,198
br05_013.json,84.34,0.189,322
br05_014.json,83.39,0.065,209
br05_015.json,77.26,0.035,170
br05_016.json,82.81,0.063,208
br05_017.json,86.17,0.031,205
br05_018.json,84.19,0.012,159
br05_019.json,82.93,0.216,238
br05_020.json,83.88,0.072,232
br05_021.json,83.00,0.078,225
br05_022.json,85.71,0.060,207
br05_023.json,85.35,0.172,242
br05_024.json,80.68,0.037,198
br05_025.json,80.31,0.073,237
br05_026.json,82.50,0.144,250
br05_027.json,84.16,0.076,214
br05_028.json,80.60,0.396,311
br05_029.json,83.94,0.036,205
br05_030.json,85.90,0.045,224
br05_031.json,80.08,0.069,245
br05_032.json,75.23,0.204,248
br05_033.json,87.56,0.154,246
br05_034.json,83.31,0.066,203
br05_035.json,82.54,0.143,242
br05_036.json,82.33,0.091,209
br05_037.json,83.67,0.143,213
br05_038.json,84.93,0.037,206
br05_039.json,85.11,0.499,334
br05_040.json,82.23,0.046,198
br05_041.json,82.74,0.067,222
br05_042.json,82.22,0.045,205
br05_043.json,78.72,0.042,204
br05_044.json,81.39,0.093,236
br05_045.json,83.42,0.080,295
br05_046.json,81.14,0.038,188
br05_047.json,80.02,0.131,243
br05_048.json,85.79,0.056,208
br05_049.json,84.03,0.074,200
br05_050.json,85.03,0.260,297
br05_051.json,83.47,0.442,330
br05_052.json,83.63,0.103,238
br05_053.json,81.11,0.063,207
br05_054.json,81.84,0.114,303
br05_055.json,80.38,0.078,234
br05_056.json,85.03,0.810,355
br05_057.json,88.02,0.035,191
br05_058.json,83.64,0.025,208
br05_059.json,85.88,0.088,279
br05_060.json,78.09,0.070,215
br05_061.json,88.30,0.041,199
br05_062.json,83.42,0.109,225
br05_063.json,83.17,0.065,198
br05_064.json,84.52,0.032,212
br05_065.json,83.13,0.193,244
br05_066.json,83.88,0.064,205
br05_067.json,80.77,0.093,234
br05_068.json,88.45,0.040,199
br05_069.json,78.97,0.126,248
br05_070.json,81.17,0.054,199
br05_071.json,81.08,0.087,234
br05_072.json,81.23,0.203,225
br05_073.json,81.32,0.074,216
br05_074.json,79.51,0.053,191
br05_075.json,80.68,0.024,202
br05_076.json,84.75,0.025,196
br05_077.json,83.86,0.260,301
br05_078.json,82.48,0.211,289
br05_079.json,86.80,0.209,318
br05_080.json,83.75,0.058,235
br05_081.json,78.92,0.040,169
br05_082.json,82.99,0.143,231
br05_083.json,82.80,0.058,226
br05_084.json,83.30,0.098,226
br05_085.json,87.42,0.100,228
br05_086.json,80.84,0.151,220
br05_087.json,86.31,0.030,206
br05_088.json,83.43,0.140,300
br05_089.json,85.74,0.021,161
br05_090.json,77.64,0.045,166
br05_091.json,86.53,0.097,236
br05_092.json,85.65,0.043,207
br05_093.json,79.54,0.036,155
br05_094.json,89.02,0.052,227
br05_095.json,79.00,0.258,311
br05_096.json,85.24,0.238,280
br05_097.json,81.83,0.122,230
br05_098.json,81.56,0.136,225
br05_099.json,86.78,0.051,229
br05_100.json,84.86,0.172,235
br06_001.json,83.48,0.072,237
br06_002.json,83.75,0.279,250
br06_003.json,79.21,0.120,234
br06_004.json,83.58,0.212,244
br06_005.json,82.05,0.142,243
br06_006.json,81.24,0.199,239
br06_007.json,82.97,0.027,215
br06_008.json,82.54,0.064,195
br06_009.json,84.13,0.093,220
br06_010.json,78.50,0.128,236
br06_011.json,82.95,0.067,224
br06_012.json,83.34,0.040,214
br06_013.json,84.41,0.318,335
br06_014.json,85.02,0.116,241
br06_015.json,79.05,0.018,164
br06_016.json,83.39,0.072,215
br06_017.json,84.98,0.085,219
br06_018.json,85.17,0.014,164
br06_019.json,86.12,0.068,228
br06_020.json,87.08,0.075,242
br06_021.json,79.96,0.107,225
br06_022.json,83.48,0.122,224
br06_023.json,82.09,0.041,219
br06_024.json,77.79,0.026,171
br06_025.json,76.08,0.171,232
br06_026.json,82.44,0.227,294
br06_027.json,86.67,0.068,229
br06_028.json,81.39,0.214,282
br06_029.json,83.19,0.144,234
br06_030.json,84.24,0.074,230
br06_031.json,79.15,0.250,285
br06_032.json,79.00,0.147,232
br06_033.json,83.89,0.128,236
br06_034.json,81.11,0.103,211
br06_035.json,84.16,0.125,280
br06_036.json,86.57,0.068,207
br06_037.json,86.57,0.047,200
br06_038.json,85.29,0.065,223
br06_039.json,83.95,0.773,324
br06_040.json,81.04,0.042,195
br06_041.json,80.58,0.028,216
br06_042.json,76.92,0.036,213
br06_043.json,79.35,0.046,201
br06_044.json,81.66,0.111,242
br06_045.json,80.32,0.111,256
br06_046.json,82.78,0.065,210
br06_047.json,80.64,0.164,246
br06_048.json,80.75,0.074,205
br06_049.json,87.12,0.055,207
br06_050.json,86.55,0.176,277
br06_051.json,81.84,0.362,307
br06_052.json,85.33,0.106,244
br06_053.json,86.70,0.083,228
br06_054.json,79.99,0.135,260
br06_055.json,80.52,0.089,237
br06_056.json,85.25,0.211,279
br06_057.json,86.05,0.025,196
br06_058.json,81.69,0.035,222
br06_059.json,86.16,0.094,223
br06_060.json,80.80,0.049,229
br06_061.json,81.08,0.046,200
br06_062.json,83.27,0.082,216
br06_063.json,84.64,0.114,215
br06_064.json,81.49,0.081,221
br06_065.json,84.41,0.361,284
br06_066.json,85.09,0.039,209
br06_067.json,83.75,0.110,250
br06_068.json,87.26,0.063,207
br06_069.json,82.03,0.251,293
br06_070.json,75.62,0.049,192
br06_071.json,85.17,0.092,244
br06_072.json,81.80,0.164,237
br06_073.json,83.52,0.039,205
br06_074.json,77.92,0.067,192
br06_075.json,80.56,0.039,210
br06_076.json,83.94,0.037,211
br06_077.json,82.92,0.340,289
br06_078.json,82.15,0.209,282
br06_079.json,83.67,0.254,304
br06_080.json,83.04,0.164,286
br06_081.json,83.04,0.027,186
br06_082.json,85.74,0.136,246
br06_083.json,82.32,0.116,231
br06_084.json,85.41,0.123,236
br06_085.json,86.09,0.087,229
br06_086.json,81.60,0.218,240
br06_087.json,83.52,0.036,202
br06_088.json,79.04,0.305,295
br06_089.json,79.73,0.071,194
br06_090.json,83.39,0.021,158
br06_091.json,81.14,0.129,227
br06_092.json,82.81,0.029,199
br06_093.json,81.23,0.036,163
br06_094.json,84.29,0.091,230
br06_095.json,79.09,0.184,251
br06_096.json,82.84,0.071,222
br06_097.json,85.69,0.108,242
br06_098.json,85.06,0.234,276
br06_099.json,83.83,0.071,214
br06_100.json,85.71,0.219,246
br07_001.json,83.28,0.047,220
br07_002.json,80.40,0.199,235
br07_003.json,80.93,0.100,226
br07_004.json,79.86,0.209,244
br07_005.json,81.63,0.112,226
br07_006.json,82.15,0.423,294
br07_007.json,80.82,0.109,210
br07_008.json,84.49,0.127,225
br07_009.json,81.19,0.127,231
br07_010.json,82.92,0.143,239
br07_011.json,82.97,0.134,244
br07_012.json,81.42,0.169,247
br07_013.json,86.12,0.351,317
br07_014.json,83.72,0.117,220
br07_015.json,76.66,0.086,214
br07_016.json,83.24,0.071,226
br07_017.json,83.49,0.138,234
br07_018.json,82.69,0.051,203
br07_019.json,84.73,0.150,245
br07_020.json,84.68,0.131,239
br07_021.json,83.80,0.115,236
br07_022.json,83.64,0.170,233
br07_023.json,85.80,0.227,292
br07_024.json,81.70,0.031,201
br07_025.json,77.87,0.063,228
br07_026.json,82.95,0.209,283
br07_027.json,83.25,0.119,226
br07_028.json,82.55,0.200,279
br07_029.json,83.12,0.093,219
br07_030.json,82.78,0.201,276
br07_031.json,77.01,0.202,290
br07_032.json,82.94,0.162,280
br07_033.json,82.35,0.212,275
br07_034.json,83.59,0.061,206
br07_035.json,83.82,0.250,301
br07_036.json,80.75,0.191,235
br07_037.json,84.93,0.040,200
br07_038.json,80.88,0.102,214
br07_039.json,84.07,0.409,300
br07_040.json,80.47,0.072,220
br07_041.json,81.80,0.075,224
br07_042.json,80.86,0.038,204
br07_043.json,78.43,0.027,170
br07_044.json,83.86,0.189,291
br07_045.json,83.20,0.095,242
br07_046.json,80.11,0.091,217
br07_047.json,82.36,0.179,254
br07_048.json,79.92,0.098,217
br07_049.json,84.84,0.139,231
br07_050.json,84.18,0.150,253
br07_051.json,86.42,0.259,306
br07_052.json,80.50,0.150,240
br07_053.json,82.05,0.031,214
br07_054.json,81.72,0.292,277
br07_055.json,80.43,0.095,243
br07_056.json,83.06,0.387,296
br07_057.json,81.75,0.081,221
br07_058.json,83.44,0.041,214
br07_059.json,80.14,0.101,222
br07_060.json,79.64,0.118,227
br07_061.json,81.80,0.038,196
br07_062.json,80.61,0.082,224
br07_063.json,84.64,0.054,209
br07_064.json,86.91,0.033,210
br07_065.json,84.67,0.502,304
br07_066.json,83.62,0.075,214
br07_067.json,79.37,0.236,288
br07_068.json,85.77,0.048,206
br07_069.json,78.81,0.193,255
br07_070.json,78.55,0.091,211
br07_071.json,79.19,0.123,228
br07_072.json,81.26,0.223,234
br07_073.json,81.37,0.069,219
br07_074.json,80.74,0.105,210
br07_075.json,85.07,0.085,233
br07_076.json,85.95,0.042,205
br07_077.json,83.45,0.284,292
br07_078.json,81.92,0.236,247
br07_079.json,83.32,0.535,306
br07_080.json,82.69,0.116,226
br07_081.json,77.28,0.078,206
br07_082.json,82.49,0.152,234
br07_083.json,81.77,0.188,276
br07_084.json,83.76,0.233,287
br07_085.json,85.45,0.083,215
br07_086.json,79.77,0.162,235
br07_087.json,84.25,0.067,216
br07_088.json,81.34,0.111,247
br07_089.json,78.77,0.089,203
br07_090.json,82.60,0.042,196
br07_091.json,81.03,0.087,212
br07_092.json,85.32,0.054,216
br07_093.json,80.41,0.035,189
br07_094.json,85.61,0.103,238
br07_095.json,80.33,0.138,249
br07_096.json,85.83,0.112,282
br07_097.json,82.28,0.095,226
br07_098.json,85.20,0.222,281
br07_099.json,81.62,0.139,244
br07_100.json,80.94,0.146,224
br08_001.json,84.21,0.193,286
br08_002.json,80.58,0.282,274
br08_003.json,77.66,0.291,277
br08_004.json,82.55,0.292,292
br08_005.json,83.03,0.138,285
br08_006.json,80.46,0.414,308
br08_007.json,80.09,0.104,219
br08_008.json,79.35,0.316,278
br08_009.json,77.52,0.095,226
br08_010.json,81.65,0.354,298
br08_011.json,85.39,0.139,247
br08_012.json,85.63,0.209,280
br08_013.json,84.13,0.303,310
br08_014.json,80.43,0.133,241
br08_015.json,80.39,0.112,227
br08_016.json,85.17,0.083,236
br08_017.json,82.47,0.128,231
br08_018.json,84.58,0.031,210
br08_019.json,84.97,0.150,274
br08_020.json,80.63,0.176,285
br08_021.json,81.69,0.091,233
br08_022.json,84.86,0.219,274
br08_023.json,84.56,0.169,248
br08_024.json,80.95,0.193,242
br08_025.json,82.37,0.141,246
br08_026.json,81.55,0.366,303
br08_027.json,84.51,0.141,278
br08_028.json,84.57,0.142,233
br08_029.json,80.80,0.114,235
br08_030.json,84.36,0.092,231
br08_031.json,80.08,0.317,297
br08_032.json,82.58,0.522,318
br08_033.json,82.51,0.208,277
br08_034.json,81.65,0.049,218
br08_035.json,81.51,0.246,286
br08_036.json,82.77,0.076,222
br08_037.json,87.45,0.040,216
br08_038.json,81.52,0.162,233
br08_039.json,79.15,0.467,303
br08_040.json,80.30,0.092,231
br08_041.json,84.36,0.084,228
br08_042.json,79.77,0.081,227
br08_043.json,84.86,0.050,220
br08_044.json,83.08,0.307,298
br08_045.json,83.13,0.157,252
br08_046.json,81.20,0.091,226
br08_047.json,83.78,0.172,278
br08_048.json,80.82,0.101,229
br08_049.json,84.92,0.133,237
br08_050.json,83.79,0.152,282
br08_051.json,81.16,0.256,292
br08_052.json,80.60,0.167,235
br08_053.json,83.08,0.094,244
br08_054.json,82.89,0.127,248
br08_055.json,82.45,0.292,303
br08_056.json,80.94,0.121,240
br08_057.json,82.03,0.033,212
br08_058.json,84.07,0.096,246
br08_059.json,78.06,0.123,237
br08_060.json,81.73,0.158,250
br08_061.json,79.44,0.089,211
br08_062.json,78.51,0.151,245
br08_063.json,80.80,0.133,234
br08_064.json,80.08,0.175,280
br08_065.json,80.75,0.211,243
br08_066.json,82.76,0.139,238
br08_067.json,79.34,0.173,249
br08_068.json,87.97,0.082,234
br08_069.json,82.01,0.134,248
br08_070.json,78.31,0.128,231
br08_071.json,83.33,0.156,275
br08_072.json,79.90,0.223,277
br08_073.json,84.96,0.233,281
br08_074.json,78.34,0.102,221
br08_075.json,80.98,0.127,240
br08_076.json,82.27,0.144,243
br08_077.json,83.62,0.174,287
br08_078.json,78.08,0.355,303
br08_079.json,80.35,0.580,316
br08_080.json,84.00,0.117,243
br08_081.json,76.62,0.057,215
br08_082.json,80.61,0.150,243
br08_083.json,83.02,0.142,250
br08_084.json,81.21,0.263,291
br08_085.json,83.45,0.195,249
br08_086.json,82.38,0.228,288
br08_087.json,81.10,0.145,245
br08_088.json,79.18,0.193,286
br08_089.json,83.89,0.072,221
br08_090.json,82.84,0.100,229
br08_091.json,81.92,0.103,232
br08_092.json,82.63,0.143,246
br08_093.json,78.56,0.065,205
br08_094.json,82.44,0.206,285
br08_095.json,80.81,0.195,277
br08_096.json,81.58,0.138,242
br08_097.json,82.45,0.146,243
br08_098.json,80.68,0.211,244
br08_099.json,80.82,0.147,258
br08_100.json,80.58,0.191,240
br09_001.json,84.24,0.253,298
br09_002.json,79.84,0.209,276
br09_003.json,82.71,0.168,282
br09_004.json,81.77,0.234,294
br09_005.json,81.78,0.283,297
br09_006.json,81.66,0.301,304
br09_007.json,81.49,0.200,287
br09_008.json,79.53,0.114,241
br09_009.json,79.38,0.093,228
br09_010.json,83.42,0.106,242
br09_011.json,84.18,0.121,273
br09_012.json,81.82,0.138,269
br09_013.json,84.24,0.288,316
br09_014.json,80.37,0.209,277
br09_015.json,78.65,0.194,272
br09_016.json,82.53,0.167,278
br09_017.json,81.26,0.196,280
br09_018.json,82.41,0.050,235
br09_019.json,82.70,0.139,278
br09_020.json,82.15,0.174,285
br09_021.json,82.91,0.096,239
br09_022.json,82.52,0.141,278
br09_023.json,84.87,0.118,275
br09_024.json,85.63,0.054,224
br09_025.json,80.56,0.124,275
br09_026.json,81.68,0.271,300
br09_027.json,84.46,0.139,278
br09_028.json,81.46,0.101,241
br09_029.json,80.95,0.192,287
br09_030.json,79.25,0.208,280
br09_031.json,81.90,0.208,291
br09_032.json,81.37,0.243,302
br09_033.json,77.98,0.255,286
br09_034.json,84.00,0.127,276
br09_035.json,84.42,0.162,286
br09_036.json,80.56,0.178,285
br09_037.json,85.12,0.119,280
br09_038.json,80.12,0.089,235
br09_039.json,81.07,0.461,307
br09_040.json,80.35,0.106,236
br09_041.json,83.82,0.160,276
br09_042.json,80.55,0.188,286
br09_043.json,82.73,0.074,225
br09_044.json,79.21,0.669,327
br09_045.json,84.27,0.126,276
br09_046.json,80.77,0.171,289
br09_047.json,80.65,0.179,280
br09_048.json,83.66,0.108,242
br09_049.json,81.85,0.098,229
br09_050.json,82.34,0.234,300
br09_051.json,83.34,0.269,301
br09_052.json,82.06,0.110,274
br09_053.json,84.83,0.074,273
br09_054.json,79.43,0.254,303
br09_055.json,79.37,0.185,284
br09_056.json,87.11,0.085,275
br09_057.json,83.16,0.089,240
br09_058.json,85.80,0.308,310
br09_059.json,78.05,0.221,287
br09_060.json,79.68,0.263,294
br09_061.json,80.63,0.049,216
br09_062.json,81.64,0.127,245
br09_063.json,82.54,0.125,241
br09_064.json,83.48,0.203,293
br09_065.json,81.35,0.271,295
br09_066.json,82.47,0.103,239
br09_067.json,81.46,0.103,245
br09_068.json,82.94,0.094,240
br09_069.json,82.20,0.146,285
br09_070.json,81.29,0.135,282
br09_071.json,82.43,0.246,304
br09_072.json,78.42,0.147,240
br09_073.json,84.45,0.163,282
br09_074.json,78.70,0.137,239
br09_075.json,81.52,0.218,299
br09_076.json,81.58,0.149,250
br09_077.json,84.21,0.306,314
br09_078.json,79.61,0.245,301
br09_079.json,82.00,0.436,309
br09_080.json,84.42,0.110,242
br09_081.json,79.58,0.071,234
br09_082.json,81.94,0.151,277
br09_083.json,81.27,0.367,307
br09_084.json,78.37,0.229,303
br09_085.json,81.27,0.098,247
br09_086.json,80.51,0.196,289
br09_087.json,82.25,0.113,277
br09_088.json,82.87,0.302,312
br09_089.json,84.14,0.124,270
br09_090.json,82.77,0.089,239
br09_091.json,77.95,0.122,236
br09_092.json,82.41,0.164,286
br09_093.json,79.90,0.213,270
br09_094.json,84.42,0.186,292
br09_095.json,77.71,0.291,288
br09_096.json,83.40,0.229,299
br09_097.json,82.36,0.129,282
br09_098.json,81.51,0.300,304
br09_099.json,82.52,0.219,311
br09_100.json,79.63,0.198,279
br10_001.json,84.63,0.192,305
br10_002.json,83.17,0.195,290
br10_003.json,81.31,0.307,306
br10_004.json,84.09,0.221,289
br10_005.json,83.09,0.229,303
br10_006.json,81.97,0.401,331
br10_007.json,80.68,0.178,289
br10_008.json,79.56,0.151,286
br10_009.json,80.98,0.127,270
br10_010.json,84.43,0.123,293
br10_011.json,83.85,0.186,294
br10_012.json,84.57,0.155,288
br10_013.json,79.29,0.399,323
br10_014.json,81.50,0.146,284
br10_015.json,81.68,0.138,279
br10_016.json,81.73,0.183,292
br10_017.json,82.66,0.285,305
br10_018.json,80.71,0.086,272
br10_019.json,81.74,0.183,286
br10_020.json,81.74,0.141,292
br10_021.json,79.42,0.121,280
br10_022.json,83.22,0.230,296
br10_023.json,83.98,0.103,286
br10_024.json,81.95,0.117,275
br10_025.json,80.69,0.165,294
br10_026.json,80.20,0.466,319
br10_027.json,82.95,0.268,319
br10_028.json,84.26,0.136,288
br10_029.json,78.65,0.276,304
br10_030.json,80.75,0.286,306
br10_031.json,80.30,0.200,300
br10_032.json,84.32,0.310,318
br10_033.json,77.94,0.323,309
br10_034.json,82.67,0.153,288
br10_035.json,83.52,0.197,295
br10_036.json,80.59,0.119,284
br10_037.json,83.49,0.142,286
br10_038.json,82.37,0.122,286
br10_039.json,79.90,0.589,328
br10_040.json,76.74,0.135,278
br10_041.json,82.33,0.164,289
br10_042.json,80.36,0.275,292
br10_043.json,81.64,0.111,272
br10_044.json,82.81,0.451,333
br10_045.json,81.52,0.282,304
br10_046.json,78.78,0.164,294
br10_047.json,82.38,0.316,311
br10_048.json,80.48,0.189,287
br10_049.json,82.84,0.101,284
br10_050.json,82.67,0.236,307
br10_051.json,81.38,0.270,303
br10_052.json,82.72,0.108,277
br10_053.json,81.42,0.160,298
br10_054.json,80.87,0.287,316
br10_055.json,79.05,0.219,310
br10_056.json,82.54,0.136,299
br10_057.json,81.61,0.054,237
br10_058.json,84.08,0.290,318
br10_059.json,82.04,0.194,292
br10_060.json,79.45,0.270,314
br10_061.json,80.19,0.078,236
br10_062.json,80.27,0.153,282
br10_063.json,79.33,0.140,281
br10_064.json,82.01,0.219,306
br10_065.json,79.54,0.261,299
br10_066.json,82.35,0.083,281
br10_067.json,81.41,0.156,288
br10_068.json,83.21,0.124,278
br10_069.json,82.44,0.320,312
br10_070.json,79.81,0.328,307
br10_071.json,84.54,0.234,312
br10_072.json,80.29,0.144,280
br10_073.json,82.20,0.206,303
br10_074.json,78.65,0.138,283
br10_075.json,81.88,0.258,309
br10_076.json,80.14,0.107,281
br10_077.json,83.91,0.404,320
br10_078.json,81.66,0.158,291
br10_079.json,83.63,0.395,331
br10_080.json,84.48,0.141,289
br10_081.json,77.96,0.100,244
br10_082.json,81.83,0.200,298
br10_083.json,80.75,0.318,317
br10_084.json,82.92,0.208,311
br10_085.json,81.83,0.153,294
br10_086.json,81.62,0.270,311
br10_087.json,80.27,0.117,295
br10_088.json,84.04,0.136,302
br10_089.json,82.39,0.208,297
br10_090.json,82.27,0.104,272
br10_091.json,78.26,0.117,280
br10_092.json,83.92,0.133,292
br10_093.json,83.96,0.238,295
br10_094.json,81.98,0.348,315
br10_095.json,77.61,0.234,301
br10_096.json,81.98,0.235,307
br10_097.json,82.49,0.258,311
br10_098.json,80.21,0.412,319
br10_099.json,82.55,0.152,316
br10_100.json,78.93,0.226,288
br11_001.json,83.52,0.160,304
br11_002.json,79.60,0.318,319
br11_003.json,81.61,0.162,301
br11_004.json,80.42,0.167,301
br11_005.json,81.94,0.250,314
br11_006.json,81.55,0.394,340
br11_007.json,81.53,0.169,294
br11_008.json,81.72,0.196,307
br11_009.json,80.05,0.070,276
br11_010.json,81.93,0.122,292
br11_011.json,82.80,0.169,298
br11_012.json,82.36,0.215,306
br11_013.json,82.38,0.240,328
br11_014.json,82.17,0.173,299
br11_015.json,81.72,0.200,307
br11_016.json,81.84,0.152,296
br11_017.json,81.55,0.247,313
br11_018.json,81.61,0.065,280
br11_019.json,80.63,0.145,299
br11_020.json,82.76,0.232,327
br11_021.json,81.02,0.190,303
br11_022.json,82.18,0.207,303
br11_023.json,83.85,0.134,295
br11_024.json,83.97,0.085,288
br11_025.json,79.68,0.244,318
br11_026.json,80.91,0.288,320
br11_027.json,83.59,0.112,298
br11_028.json,81.79,0.147,299
br11_029.json,83.29,0.220,317
br11_030.json,84.65,0.237,318
br11_031.json,82.45,0.189,315
br11_032.json,80.38,0.228,321
br11_033.json,79.79,0.371,320
br11_034.json,82.80,0.125,304
br11_035.json,81.87,0.100,292
br11_036.json,80.29,0.247,325
br11_037.json,84.12,0.133,307
br11_038.json,82.51,0.210,314
br11_039.json,81.56,0.266,326
br11_040.json,80.66,0.096,285
br11_041.json,85.03,0.186,316
br11_042.json,79.97,0.200,304
br11_043.json,83.82,0.189,303
br11_044.json,83.43,0.348,333
br11_045.json,80.61,0.268,318
br11_046.json,80.90,0.137,299
br11_047.json,81.94,0.322,318
br11_048.json,81.39,0.133,297
br11_049.json,82.41,0.127,293
br11_050.json,80.56,0.270,319
br11_051.json,82.07,0.459,337
br11_052.json,79.98,0.212,295
br11_053.json,81.48,0.205,314
br11_054.json,82.17,0.558,351
br11_055.json,81.27,0.302,324
br11_056.json,81.50,0.156,308
br11_057.json,83.00,0.105,292
br11_058.json,82.67,0.236,315
br11_059.json,82.71,0.264,311
br11_060.json,80.95,0.367,329
br11_061.json,78.78,0.104,275
br11_062.json,79.73,0.140,304
br11_063.json,83.65,0.131,297
br11_064.json,81.10,0.183,307
br11_065.json,82.62,0.181,299
br11_066.json,81.13,0.230,309
br11_067.json,82.19,0.157,297
br11_068.json,80.65,0.108,290
br11_069.json,81.68,0.370,330
br11_070.json,80.51,0.241,314
br11_071.json,84.62,0.202,320
br11_072.json,80.95,0.223,303
br11_073.json,84.69,0.200,309
br11_074.json,82.49,0.141,299
br11_075.json,82.18,0.285,319
br11_076.json,80.41,0.196,303
br11_077.json,81.86,0.364,332
br11_078.json,78.80,0.295,319
br11_079.json,79.56,0.374,328
br11_080.json,81.85,0.209,318
br11_081.json,79.37,0.098,284
br11_082.json,82.18,0.147,301
br11_083.json,80.38,0.343,328
br11_084.json,83.17,0.320,332
br11_085.json,79.34,0.191,311
br11_086.json,81.50,0.221,312
br11_087.json,82.24,0.157,307
br11_088.json,78.68,0.168,304
br11_089.json,80.67,0.255,311
br11_090.json,82.35,0.185,299
br11_091.json,78.14,0.119,291
br11_092.json,82.53,0.232,313
br11_093.json,85.24,0.120,290
br11_094.json,81.97,0.375,329
br11_095.json,78.49,0.199,315
br11_096.json,82.62,0.228,319
br11_097.json,82.19,0.153,309
br11_098.json,78.98,0.450,334
br11_099.json,82.23,0.325,331
br11_100.json,82.25,0.157,304
br12_001.json,85.25,0.182,331
br12_002.json,82.68,0.204,324
br12_003.json,80.50,0.200,314
br12_004.json,84.10,0.182,324
br12_005.json,81.41,0.249,326
br12_006.json,81.29,0.413,353
br12_007.json,82.15,0.139,310
br12_008.json,79.43,0.142,308
br12_009.json,81.61,0.114,299
br12_010.json,83.17,0.149,315
br12_011.json,82.84,0.178,312
br12_012.json,83.24,0.213,319
br12_013.json,83.14,0.256,337
br12_014.json,81.69,0.122,304
br12_015.json,81.28,0.190,311
br12_016.json,82.95,0.163,315
br12_017.json,80.79,0.332,336
br12_018.json,83.89,0.126,312
br12_019.json,80.77,0.122,305
br12_020.json,81.11,0.307,342
br12_021.json,82.06,0.151,317
br12_022.json,82.51,0.194,330
br12_023.json,84.19,0.146,311
br12_024.json,82.90,0.126,304
br12_025.json,79.44,0.257,326
br12_026.json,82.86,0.307,344
br12_027.json,81.30,0.134,313
br12_028.json,78.93,0.170,322
br12_029.json,80.48,0.228,323
br12_030.json,83.11,0.243,331
br12_031.json,81.83,0.239,333
br12_032.json,83.01,0.210,337
br12_033.json,81.81,0.261,323
br12_034.json,81.51,0.118,298
br12_035.json,81.79,0.283,324
br12_036.json,80.91,0.279,331
br12_037.json,82.11,0.213,321
br12_038.json,83.60,0.150,319
br12_039.json,81.84,0.429,347
br12_040.json,82.31,0.174,316
br12_041.json,82.51,0.162,326
br12_042.json,82.08,0.206,329
br12_043.json,82.01,0.114,304
br12_044.json,83.23,0.448,356
br12_045.json,81.85,0.223,323
br12_046.json,81.70,0.161,315
br12_047.json,82.54,0.224,327
br12_048.json,82.87,0.196,325
br12_049.json,84.91,0.118,312
br12_050.json,80.55,0.368,344
br12_051.json,80.65,0.443,346
br12_052.json,81.92,0.134,308
br12_053.json,81.41,0.287,340
br12_054.json,83.40,0.445,358
br12_055.json,78.97,0.351,338
br12_056.json,80.33,0.209,324
br12_057.json,80.74,0.187,315
br12_058.json,83.38,0.322,328
br12_059.json,80.67,0.200,317
br12_060.json,82.47,0.241,327
br12_061.json,81.87,0.177,308
br12_062.json,80.16,0.187,326
br12_063.json,81.88,0.169,311
br12_064.json,79.97,0.197,323
br12_065.json,80.05,0.212,323
br12_066.json,83.33,0.146,313
br12_067.json,82.49,0.112,306
br12_068.json,83.80,0.129,312
br12_069.json,82.28,0.267,337
br12_070.json,79.58,0.248,316
br12_071.json,83.83,0.314,351
br12_072.json,79.09,0.175,306
br12_073.json,80.27,0.170,313
br12_074.json,81.19,0.180,318
br12_075.json,82.78,0.225,334
br12_076.json,80.51,0.228,324
br12_077.json,80.22,0.408,339
br12_078.json,79.95,0.227,324
br12_079.json,78.52,0.490,341
br12_080.json,82.70,0.209,336
br12_081.json,79.01,0.107,299
br12_082.json,82.06,0.142,315
br12_083.json,82.83,0.130,318
br12_084.json,79.03,0.245,337
br12_085.json,80.53,0.240,328
br12_086.json,82.04,0.156,321
br12_087.json,81.97,0.262,335
br12_088.json,80.69,0.241,323
br12_089.json,82.73,0.203,318
br12_090.json,83.11,0.165,313
br12_091.json,81.62,0.127,304
br12_092.json,83.00,0.149,324
br12_093.json,83.44,0.102,301
br12_094.json,82.28,0.415,346
br12_095.json,78.86,0.248,331
br12_096.json,80.25,0.200,323
br12_097.json,81.45,0.243,331
br12_098.json,79.78,0.423,352
br12_099.json,81.85,0.242,331
br12_100.json,79.27,0.246,319
br13_001.json,82.63,0.135,331
br13_002.json,82.36,0.246,343
br13_003.json,79.15,0.227,335
br13_004.json,81.49,0.174,324
br13_005.json,80.32,0.294,344
br13_006.json,79.88,0.484,408
br13_007.json,82.43,0.196,333
br13_008.json,83.28,0.216,338
br13_009.json,81.83,0.168,322
br13_010.json,82.67,0.155,326
br13_011.json,82.86,0.161,324
br13_012.json,83.03,0.171,327
br13_013.json,83.98,0.242,347
br13_014.json,81.55,0.204,331
br13_015.json,82.29,0.211,338
br13_016.json,82.57,0.122,327
br13_017.json,84.06,0.238,338
br13_018.json,82.33,0.083,312
br13_019.json,83.05,0.125,319
br13_020.json,80.89,0.299,351
br13_021.json,82.58,0.212,328
br13_022.json,80.86,0.222,332
br13_023.json,83.60,0.107,318
br13_024.json,82.36,0.149,315
br13_025.json,81.76,0.292,349
br13_026.json,80.82,0.335,350
br13_027.json,82.29,0.225,337
br13_028.json,82.28,0.166,330
br13_029.json,80.84,0.176,332
br13_030.json,84.29,0.279,346
br13_031.json,83.82,0.222,341
br13_032.json,81.78,0.374,356
br13_033.json,82.85,0.242,337
br13_034.json,81.96,0.107,314
br13_035.json,82.88,0.271,342
br13_036.json,81.70,0.257,347
br13_037.json,83.95,0.166,329
br13_038.json,81.11,0.216,337
br13_039.json,81.70,0.330,402
br13_040.json,81.92,0.207,335
br13_041.json,82.14,0.195,338
br13_042.json,82.81,0.155,328
br13_043.json,82.45,0.128,321
br13_044.json,81.24,0.364,349
br13_045.json,82.55,0.155,331
br13_046.json,81.10,0.234,337
br13_047.json,82.40,0.315,335
br13_048.json,81.43,0.233,339
br13_049.json,83.13,0.168,327
br13_050.json,80.56,0.372,357
br13_051.json,84.23,0.247,350
br13_052.json,80.11,0.176,329
br13_053.json,83.24,0.259,348
br13_054.json,82.57,0.636,410
br13_055.json,78.97,0.306,347
br13_056.json,83.31,0.138,331
br13_057.json,82.27,0.177,334
br13_058.json,83.06,0.245,335
br13_059.json,81.13,0.234,336
br13_060.json,80.36,0.366,352
br13_061.json,81.64,0.140,319
br13_062.json,79.41,0.220,341
br13_063.json,82.01,0.214,331
br13_064.json,84.14,0.252,348
br13_065.json,80.94,0.208,330
br13_066.json,84.97,0.138,331
br13_067.json,77.46,0.140,313
br13_068.json,84.26,0.164,332
br13_069.json,83.14,0.259,350
br13_070.json,80.68,0.312,340
br13_071.json,83.80,0.266,352
br13_072.json,80.65,0.207,329
br13_073.json,84.61,0.197,336
br13_074.json,79.91,0.137,319
br13_075.json,80.85,0.451,398
br13_076.json,81.58,0.184,326
br13_077.json,83.54,0.268,348
br13_078.json,81.68,0.267,347
br13_079.json,82.05,0.585,402
br13_080.json,82.76,0.294,354
br13_081.json,78.20,0.114,313
br13_082.json,83.25,0.126,325
br13_083.json,84.37,0.180,345
br13_084.json,81.78,0.238,345
br13_085.json,83.38,0.484,401
br13_086.json,82.35,0.216,346
br13_087.json,81.14,0.362,350
br13_088.json,81.11,0.201,333
br13_089.json,82.43,0.183,330
br13_090.json,82.32,0.156,327
br13_091.json,82.43,0.145,320
br13_092.json,81.91,0.348,352
br13_093.json,82.26,0.143,318
br13_094.json,82.32,0.362,355
br13_095.json,78.33,0.216,331
br13_096.json,81.89,0.196,338
br13_097.json,81.43,0.182,329
br13_098.json,82.12,0.319,349
br13_099.json,81.47,0.342,357
br13_100.json,80.49,0.218,336
br14_001.json,83.06,0.111,335
br14_002.json,79.93,0.325,400
br14_003.json,82.04,0.174,345
br14_004.json,83.11,0.164,339
br14_005.json,82.30,0.283,396
br14_006.json,82.25,0.439,427
br14_007.json,83.28,0.192,342
br14_008.json,79.43,0.173,344
br14_009.json,81.92,0.170,339
br14_010.json,82.16,0.206,347
br14_011.json,81.66,0.224,348
br14_012.json,80.67,0.150,335
br14_013.json,84.24,0.209,357
br14_014.json,83.38,0.169,348
br14_015.json,82.73,0.179,340
br14_016.json,81.92,0.123,338
br14_017.json,79.75,0.309,347
br14_018.json,81.57,0.116,331
br14_019.json,79.32,0.180,347
br14_020.json,82.02,0.242,355
br14_021.json,80.91,0.234,342
br14_022.json,80.14,0.204,342
br14_023.json,83.86,0.138,339
br14_024.json,83.57,0.149,334
br14_025.json,83.24,0.240,396
br14_026.json,81.22,0.344,405
br14_027.json,82.75,0.196,351
br14_028.json,81.00,0.233,348
br14_029.json,80.94,0.266,352
br14_030.json,83.40,0.299,401
br14_031.json,81.56,0.257,356
br14_032.json,81.41,0.316,402
br14_033.json,81.90,0.301,350
br14_034.json,81.61,0.178,343
br14_035.json,82.47,0.189,344
br14_036.json,83.00,0.193,348
br14_037.json,83.44,0.272,392
br14_038.json,83.17,0.289,358
br14_039.json,81.12,0.506,410
br14_040.json,79.07,0.254,345
br14_041.json,82.50,0.142,344
br14_042.json,82.03,0.179,343
br14_043.json,82.42,0.201,345
br14_044.json,82.40,0.420,410
br14_045.json,82.17,0.257,348
br14_046.json,80.18,0.193,340
br14_047.json,83.02,0.230,348
br14_048.json,81.62,0.183,341
br14_049.json,84.30,0.159,338
br14_050.json,81.75,0.331,405
br14_051.json,82.91,0.357,404
br14_052.json,83.00,0.172,343
br14_053.json,81.33,0.187,354
br14_054.json,81.98,0.474,414
br14_055.json,81.03,0.225,347
br14_056.json,83.85,0.132,338
br14_057.json,81.09,0.145,336
br14_058.json,83.26,0.171,343
br14_059.json,81.82,0.208,349
br14_060.json,83.36,0.255,404
br14_061.json,82.70,0.106,333
br14_062.json,79.97,0.264,356
br14_063.json,81.51,0.198,345
br14_064.json,81.22,0.194,348
br14_065.json,81.10,0.241,347
br14_066.json,80.51,0.196,344
br14_067.json,81.09,0.196,340
br14_068.json,85.24,0.129,339
br14_069.json,82.65,0.353,405
br14_070.json,79.49,0.268,348
br14_071.json,81.56,0.265,393
br14_072.json,80.51,0.197,338
br14_073.json,82.35,0.185,344
br14_074.json,81.02,0.169,340
br14_075.json,81.03,0.234,354
br14_076.json,84.20,0.195,347
br14_077.json,82.04,0.404,406
br14_078.json,80.56,0.322,406
br14_079.json,81.37,0.392,404
br14_080.json,80.47,0.249,397
br14_081.json,78.85,0.146,332
br14_082.json,81.38,0.164,334
br14_083.json,81.46,0.190,348
br14_084.json,80.75,0.287,356
br14_085.json,81.95,0.382,404
br14_086.json,84.14,0.219,357
br14_087.json,81.33,0.303,401
br14_088.json,80.80,0.211,347
br14_089.json,81.81,0.162,341
br14_090.json,82.03,0.177,340
br14_091.json,82.38,0.140,334
br14_092.json,82.80,0.268,358
br14_093.json,83.25,0.134,331
br14_094.json,84.32,0.339,399
br14_095.json,81.41,0.195,344
br14_096.json,80.65,0.245,358
br14_097.json,80.06,0.160,343
br14_098.json,81.68,0.309,398
br14_099.json,81.06,0.247,358
br14_100.json,80.20,0.257,342
br15_001.json,85.43,0.127,351
br15_002.json,79.52,0.355,408
br15_003.json,82.21,0.200,399
br15_004.json,83.70,0.202,395
br15_005.json,81.55,0.256,406
br15_006.json,82.54,0.442,430
br15_007.json,83.41,0.247,401
br15_008.json,79.99,0.210,354
br15_009.json,84.50,0.154,388
br15_010.json,82.81,0.239,403
br15_011.json,82.71,0.195,398
br15_012.json,80.41,0.157,345
br15_013.json,83.85,0.209,407
br15_014.json,82.53,0.145,354
br15_015.json,82.38,0.187,395
br15_016.json,80.92,0.153,355
br15_017.json,83.40,0.210,400
br15_018.json,83.33,0.113,348
br15_019.json,81.46,0.200,394
br15_020.json,81.71,0.212,401
br15_021.json,83.36,0.144,393
br15_022.json,83.01,0.187,391
br15_023.json,82.59,0.164,352
br15_024.json,79.88,0.194,350
br15_025.json,82.57,0.291,410
br15_026.json,83.44,0.333,425
br15_027.json,82.93,0.216,398
br15_028.json,81.56,0.218,402
br15_029.json,80.79,0.196,398
br15_030.json,80.74,0.239,400
br15_031.json,81.84,0.200,395
br15_032.json,81.98,0.256,413
br15_033.json,81.62,0.305,401
br15_034.json,83.17,0.216,399
br15_035.json,82.45,0.207,400
br15_036.json,82.16,0.257,406
br15_037.json,82.99,0.178,398
br15_038.json,82.67,0.253,405
br15_039.json,81.35,0.435,417
br15_040.json,81.97,0.187,353
br15_041.json,83.03,0.197,402
br15_042.json,81.57,0.188,354
br15_043.json,79.31,0.174,350
br15_044.json,82.15,0.383,416
br15_045.json,82.48,0.216,398
br15_046.json,80.28,0.146,346
br15_047.json,81.89,0.224,398
br15_048.json,81.88,0.244,400
br15_049.json,85.02,0.194,400
br15_050.json,83.24,0.325,419
br15_051.json,81.43,0.384,424
br15_052.json,80.85,0.300,399
br15_053.json,82.30,0.267,410
br15_054.json,82.07,0.382,417
br15_055.json,81.34,0.294,413
br15_056.json,81.62,0.213,395
br15_057.json,80.41,0.139,351
br15_058.json,82.95,0.177,394
br15_059.json,82.05,0.265,402
br15_060.json,81.51,0.608,427
br15_061.json,83.52,0.142,396
br15_062.json,82.30,0.163,396
br15_063.json,82.39,0.202,398
br15_064.json,82.28,0.224,406
br15_065.json,82.76,0.234,399
br15_066.json,82.14,0.252,407
br15_067.json,82.43,0.136,348
br15_068.json,81.50,0.205,400
br15_069.json,80.63,0.329,407
br15_070.json,80.91,0.290,402
br15_071.json,82.11,0.301,412
br15_072.json,82.38,0.210,394
br15_073.json,81.92,0.213,401
br15_074.json,79.70,0.191,393
br15_075.json,81.61,0.233,402
br15_076.json,83.75,0.170,396
br15_077.json,81.16,0.489,423
br15_078.json,80.47,0.260,403
br15_079.json,82.02,0.439,423
br15_080.json,82.67,0.251,413
br15_081.json,80.26,0.130,345
br15_082.json,81.37,0.155,346
br15_083.json,82.64,0.256,406
br15_084.json,81.68,0.238,406
br15_085.json,81.35,0.488,428
br15_086.json,85.05,0.202,399
br15_087.json,81.88,0.304,415
br15_088.json,79.35,0.368,405
br15_089.json,81.61,0.296,406
br15_090.json,82.34,0.163,394
br15_091.json,80.54,0.149,345
br15_092.json,83.05,0.262,402
br15_093.json,83.99,0.139,349
br15_094.json,82.96,0.362,414
br15_095.json,80.09,0.221,397
br15_096.json,81.48,0.227,401
br15_097.json,80.23,0.204,400
br15_098.json,80.07,0.244,404
br15_099.json,82.35,0.273,411
br15_100.json,79.36,0.254,398
